yearrange	percentage
PDF	0.022963581
Video	0.185693002
Audio	0.0982167290
HTML+XML	0.0342901572
Text	0.025984737
Others	0.0752169821
